"","Centroid_1","Centroid_2","Centroid_3"
"1",1,81,2
"2",1,169,2
"3",1,257,2
"4",1,344,2
"5",1,432,2
"6",1,520,2
"7",81,602,2
"8",83,4.5,2
"9",86.7,17.1,2
"10",89.7142857142857,3.5,2
"11",92.7692307692308,16.4615384615385,2
"12",95.6666666666667,3.5,2
"13",97,16,2
"14",97,21,2
"15",101.6875,3.625,2
"16",101.7,17.1,2
"17",107.272727272727,17.2727272727273,2
"18",106,3.5,2
"19",112.692307692308,3.38461538461538,2.15384615384615
"20",112,16,2
"21",112,21,2
"22",116.8,17.7333333333333,2
"23",117,3.5,2
"24",122,3.04545454545455,2
"25",123.01724137931,17.7758620689655,1.98275862068966
"26",128.75,3.375,2
"27",169,602,2
"28",257,602,2
"29",333.236363636364,224.354545454545,2.43181818181818
"30",348.158974358974,257.948717948718,2.47384615384615
"31",345,602,2
"32",359.037735849057,244,1.81132075471698
"33",432,602,2
"34",520,602,2
"35",608,602,2
